" "," ","2007K1","2007K2","2007K3","2007K4","2008K1","2008K2","2008K3","2008K4","2009K1","2009K2","2009K3","2009K4","2010K1","2010K2","2010K3","2010K4","2011K1","2011K2","2011K3","2011K4","2012K1","2012K2","2012K3","2012K4","2013K1","2013K2","2013K3","2013K4","2014K1","2014K2","2014K3","2014K4","2015K1","2015K2","2015K3","2015K4","2016K1","2016K2","2016K3","2016K4","2017K1","2017K2","2017K3","2017K4","2018K1","2018K2","2018K3","2018K4","2019K1","2019K2","2019K3","2019K4","2020K1","2020K2","2020K3","2020K4","2021K1","2021K2","2021K3","2021K4","2022K1","2022K2"
" ","København",21462,24280,23553,23782,21623,23201,25348,24929,22285,23028,26383,25274,22404,23633,24174,24581,23124,24343,25227,27093,24796,25403,25956,25980,22986,26687,26794,26011,24635,24872,23441,25035,21103,24000,22695,26085,22625,26269,25467,28402,23884,24335,22779,22448,21091,23430,21998,22640,22844,23092,22843,25070,23110,15278,19615,17747,16732,16047,18935,18453,17662,19961
" ","Frederiksberg",1907,2085,1996,2161,1801,1865,2060,2245,1845,1929,2143,2322,2072,2177,2257,2303,2033,2351,2591,2762,2416,2404,2578,2609,2201,2571,2619,2519,2356,2159,2237,2459,1937,2209,2163,2357,2016,2252,2018,2109,1999,2142,2227,2208,1864,1821,1745,1800,1597,1713,1779,2128,1874,1481,1966,1842,1677,1671,1674,1739,1740,1802
" ","Dragør",184,183,127,177,152,175,167,194,124,182,168,193,149,186,196,156,150,164,145,192,189,178,175,200,156,172,149,143,98,132,122,146,139,153,127,172,133,178,131,147,139,154,144,191,124,126,117,142,158,153,159,190,129,143,147,169,127,114,125,142,116,117
" ","Tårnby",1241,1388,1371,1446,1300,1500,1604,1543,1421,1592,1759,1624,1599,1499,1803,1538,1685,1457,1459,1823,1744,1680,1797,1770,1611,1729,1703,2135,1801,1656,1829,1705,1572,1434,2475,2493,1943,1985,2246,2273,1982,2084,2203,2081,1768,1962,2037,2081,1811,1705,1963,1895,1708,931,1075,942,878,904,1211,1167,1309,1538
" ","Albertslund",609,794,744,756,850,829,765,895,753,800,886,955,747,843,867,784,605,748,683,818,697,711,706,736,666,835,856,825,675,606,728,770,663,682,536,703,535,654,661,917,648,565,758,567,510,774,618,605,694,611,651,651,714,1356,683,620,597,464,481,475,622,743
" ","Ballerup",1160,1207,1118,1116,1087,1094,1102,1309,1224,1203,1488,1322,1213,1249,1248,1194,1003,1132,1260,1218,1129,1000,1008,1052,1135,1128,1110,1317,1032,1121,1130,1137,1076,1103,1013,1055,887,1062,1043,1135,906,1005,1158,1096,934,808,930,1016,975,918,1002,1015,947,734,942,823,775,855,855,786,856,973
" ","Brøndby",841,1008,740,717,858,909,1007,847,807,804,1009,1001,854,815,893,748,765,794,864,1030,806,821,824,884,761,911,865,1037,1084,936,810,930,736,898,825,875,889,1162,843,839,935,842,968,721,1038,859,871,896,823,772,669,767,651,624,619,620,710,682,631,761,742,945
" ","Gentofte",1341,1537,1407,1336,1258,1373,1389,1449,1432,1494,1785,1909,1391,1446,1763,1539,1264,1367,1504,1658,1402,1460,1685,1591,1318,1556,1522,1460,1491,1430,1429,1509,1179,1236,1329,1423,1275,1292,1539,1728,1466,1497,1568,1552,1384,1475,1480,1388,1258,1465,1352,1429,1118,981,1099,1111,842,1074,1180,1130,1137,1232
" ","Gladsaxe",1085,1189,991,1153,1230,1205,1102,1405,1315,1279,1432,1640,1275,1319,1330,1323,1085,1159,1201,1264,1097,1164,1290,1271,1277,1303,1259,1356,1163,1167,1137,1325,1146,1252,1144,1574,1088,1188,1195,1332,1101,1275,1106,1109,941,1163,1237,1247,1056,1105,1047,1127,903,861,1439,886,816,826,745,913,978,1457
" ","Glostrup",711,706,555,646,728,717,676,771,696,635,773,824,608,699,698,603,541,599,620,694,630,699,619,612,566,637,702,715,675,682,606,748,702,755,680,732,610,719,699,845,648,647,648,671,705,709,701,694,674,577,497,681,565,577,511,575,497,467,519,504,531,568
" ","Herlev",692,726,621,724,603,712,680,698,643,674,783,899,801,811,769,697,646,652,652,775,672,616,696,675,645,714,691,826,581,616,616,906,810,657,606,732,629,710,559,667,565,591,676,733,641,714,693,718,681,698,601,891,1170,530,709,523,821,431,569,489,466,511
" ","Hvidovre",1392,1395,1322,1290,1283,1398,1302,1398,1271,1251,1546,1623,1470,1458,1402,1228,1191,1160,1191,1140,1139,1318,1294,1222,1120,1347,1427,1487,1206,1220,1199,1330,1116,1202,981,1165,1055,986,1047,1197,1096,1270,1174,1162,1048,1085,1133,1154,994,1045,1063,991,970,954,1017,1466,826,846,918,892,925,914
" ","Høje-Taastrup",1058,1024,991,1117,1171,1307,1205,1289,1275,1209,1398,1302,1128,1174,1272,1243,978,989,1037,1113,940,932,1065,1167,1023,1150,1194,1164,990,1140,1148,1209,1394,1156,1107,1198,1068,1206,1105,1367,1230,1176,1095,1113,1119,1078,1028,1124,1170,1160,948,1251,966,778,939,1402,839,894,945,945,1029,1062
" ","Ishøj",564,643,580,743,821,766,810,881,784,663,772,702,656,735,614,547,554,540,505,569,536,575,513,497,507,570,540,614,542,469,500,556,484,532,567,551,415,511,432,563,528,447,500,493,441,537,544,511,555,465,435,594,482,423,427,626,413,363,428,406,457,414
" ","Lyngby-Taarbæk",1273,1426,1268,1296,1156,1344,1467,1443,1155,1219,1351,1313,1272,1322,1355,1317,1187,1122,1159,1378,1187,1368,1383,1349,1149,1299,1341,1214,1191,1385,1331,1324,1254,1336,1244,1294,1123,1139,1269,1167,1107,1147,1115,1220,1273,1176,1168,1369,1144,1010,1031,1092,877,695,927,846,614,778,810,966,908,1025
" ","Rødovre",1046,966,973,1203,1071,978,1008,1247,1086,1014,1176,1099,1196,1099,1074,996,956,880,1071,1080,1017,1014,906,927,782,965,969,1091,864,865,837,963,927,826,753,1041,819,811,812,912,875,914,818,924,772,866,838,875,766,882,769,863,775,689,788,871,701,697,641,723,745,737
" ","Vallensbæk",217,284,223,203,238,346,306,306,260,304,418,359,257,300,326,258,203,260,255,327,305,281,273,220,206,260,293,289,216,251,262,261,219,251,194,230,192,220,207,252,216,202,253,235,183,219,238,253,247,238,242,228,209,161,182,203,166,138,152,190,192,214
" ","Allerød",336,371,338,387,443,363,379,446,295,442,482,500,514,535,510,561,674,735,1111,1674,871,1019,574,520,442,765,2156,1572,1848,1800,1359,1042,1473,1214,1221,1035,1257,1696,1141,1000,566,501,562,590,500,437,2159,501,391,422,455,507,378,187,280,233,179,192,287,321,414,414
" ","Egedal",584,637,475,543,545,539,541,739,581,716,687,735,589,588,656,680,512,563,504,661,565,547,518,481,480,461,476,612,540,538,500,429,396,412,380,656,462,446,584,474,435,417,433,460,453,374,427,510,356,392,354,432,332,337,378,402,340,331,396,365,458,448
" ","Fredensborg",582,634,618,670,635,556,615,723,608,820,770,800,713,628,708,683,678,537,585,689,599,645,723,756,624,706,724,738,692,659,766,722,535,684,560,620,526,486,527,585,478,454,492,476,479,481,398,479,429,458,403,459,433,326,431,419,319,397,456,415,427,394
" ","Frederikssund",836,777,858,889,846,947,915,935,820,900,837,862,715,724,791,816,679,582,628,821,704,758,723,715,667,749,894,1123,761,754,739,766,673,681,688,679,655,673,679,783,715,681,728,674,528,646,663,771,566,773,680,779,601,528,675,667,538,652,595,601,624,615
" ","Furesø",644,635,668,629,675,755,563,747,616,746,864,838,805,805,729,940,665,677,734,743,655,545,587,648,549,584,672,691,629,593,627,658,568,583,507,613,535,583,729,752,633,538,495,618,566,621,455,534,515,517,490,462,462,369,421,408,390,383,436,437,417,486
" ","Gribskov",522,552,572,600,806,546,715,761,753,741,751,897,727,691,751,665,600,657,658,740,685,609,677,699,531,574,704,700,770,764,812,803,680,604,1173,584,741,615,672,686,587,652,638,625,538,552,625,655,595,603,695,671,512,505,531,594,505,469,554,547,618,542
" ","Halsnæs",523,584,588,634,616,579,756,703,598,613,676,700,584,554,714,714,579,587,620,835,713,609,742,625,625,656,620,650,517,657,619,565,393,391,436,515,416,463,583,543,658,666,494,599,372,460,375,546,458,532,490,492,407,416,539,406,378,398,393,445,392,420
" ","Helsingør",1627,1656,1614,1779,1625,1790,1914,1940,1757,1719,2059,1744,1584,1612,1707,1834,1395,1511,1679,1657,1371,1430,1662,1773,1400,1666,1685,1972,1476,1431,1609,1358,1057,1318,1359,1378,1162,1346,1156,1389,1374,1208,1393,1460,1092,1146,1098,1123,1004,1190,1112,1293,1022,951,1117,1032,942,871,1080,1018,1134,1155
" ","Hillerød",757,934,835,942,887,967,934,1016,895,933,1003,1038,933,997,943,979,868,1300,870,2650,991,1032,1086,1131,995,1027,1044,1043,978,952,996,995,872,905,931,972,818,1307,945,988,945,1026,858,786,774,799,825,913,906,759,805,920,854,610,720,784,702,800,834,885,871,917
" ","Hørsholm",455,466,336,373,370,348,418,470,375,464,500,460,416,437,453,481,412,348,423,409,414,404,377,457,401,434,367,438,385,422,459,444,429,439,385,509,432,428,432,529,454,419,384,521,341,491,706,417,522,328,552,731,1144,855,326,299,347,358,375,396,353,436
" ","Rudersdal",719,892,826,773,771,787,758,974,1007,985,1035,1188,885,822,922,1054,976,917,984,1183,960,1009,1083,943,777,819,792,919,800,949,1000,998,863,872,888,951,940,738,885,1176,923,929,966,1040,948,914,889,876,867,907,888,1007,773,681,766,764,562,628,675,712,685,725
" ","Bornholm",492,602,700,500,524,604,666,600,600,541,591,445,433,512,603,484,337,397,434,446,425,506,513,339,403,501,609,599,380,444,523,513,377,442,504,456,409,457,487,365,334,407,411,482,318,449,395,397,411,469,447,359,375,279,431,347,363,388,419,438,362,427
" ","Christiansø",0,0,0,1,0,0,0,0,0,0,0,0,0,0,0,0,0,0,1,0,0,0,0,0,0,0,0,0,0,0,0,0,0,0,0,1,0,0,0,0,0,0,1,0,0,1,0,0,0,0,0,0,0,0,0,0,0,0,0,0,0,1
" ","Greve",1022,837,983,1112,1203,1260,1376,1542,1342,1515,1411,1457,1251,1238,1322,1395,1216,1057,1184,1257,1172,991,1350,1029,948,1072,1207,1345,1150,1060,1082,999,888,891,955,1008,1083,977,960,873,875,1002,882,815,831,867,808,900,794,738,854,927,825,771,770,650,632,614,653,738,808,932
" ","Køge",1192,1099,1115,1282,1316,1348,1552,1628,1696,1450,1725,1626,1435,1443,1478,1625,1415,1320,1417,1669,1344,1302,1508,1179,1123,1277,1500,1570,1243,1283,1336,1235,1059,1103,1045,1115,1061,1217,1085,1252,1024,1131,1146,1162,1032,975,816,913,934,889,865,1011,989,836,830,907,783,752,780,938,881,859
" ","Lejre",269,352,294,348,357,377,415,465,430,347,417,424,287,383,463,426,309,362,325,379,371,305,344,318,304,302,301,441,329,335,332,274,275,274,263,296,262,333,311,286,244,285,292,312,292,327,502,421,307,246,245,242,239,196,210,201,234,373,225,199,293,372
" ","Roskilde",1557,1610,2640,1777,1880,2015,2930,2224,1932,2216,3357,1904,1641,2258,2919,1849,1884,2498,2716,1944,1707,1843,3973,1765,1629,2017,3732,1885,1729,1954,3412,1766,1597,2127,2742,1815,1590,2062,2371,1827,1508,2633,2312,1590,1453,1829,2537,1754,1351,1327,2375,1581,1191,1134,1212,1193,1009,1121,1158,1381,1325,1579
" ","Solrød",318,269,309,316,363,370,451,540,436,405,434,471,501,513,530,453,334,326,359,394,401,341,391,320,334,385,343,426,258,305,352,343,286,335,332,278,240,298,294,306,297,266,307,338,252,251,273,364,300,276,270,313,267,225,242,241,199,208,267,274,259,280
" ","Faxe",462,597,494,591,746,565,729,728,665,639,734,682,670,641,665,759,653,645,603,666,560,467,593,538,608,505,600,589,521,522,682,577,573,522,521,648,619,608,518,523,428,500,486,563,416,420,429,559,400,367,479,452,406,375,443,405,257,338,395,382,356,412
" ","Guldborgsund",1294,1306,1509,1327,1219,1303,1387,1597,1423,1406,1572,1338,1207,1191,1262,1284,1176,1310,1273,1277,1092,1059,1200,1274,1174,1346,1441,1322,1223,1227,1308,1268,1059,1132,1255,1204,1046,1295,1513,1121,939,1240,1140,1097,1051,1082,1035,1223,1317,1114,1173,1265,1051,872,951,833,874,799,838,851,955,957
" ","Holbæk",1233,1296,1139,1411,1314,1383,1613,1765,1399,1436,1649,1500,1266,1219,1544,1333,1282,1279,1223,1520,1364,1359,1140,1285,1137,1479,1749,1299,1159,1145,1241,1144,995,956,977,1241,940,1061,1136,1231,972,1138,1147,1241,950,1038,1071,1146,1149,900,990,1100,1177,1462,1226,979,809,810,808,898,859,952
" ","Kalundborg",972,996,808,1042,1135,1126,1131,1275,1227,1096,977,1140,948,829,1023,1062,876,1000,827,993,954,961,734,806,801,976,792,921,833,797,860,810,812,667,669,701,714,775,697,780,692,600,643,750,592,735,625,717,613,589,546,880,585,498,574,521,493,829,502,514,630,809
" ","Lolland",1192,1016,978,1034,1208,1138,1271,1418,1301,1241,1217,1371,1106,1034,1156,1199,1105,1176,1035,1131,944,919,938,903,812,1063,995,1208,935,957,1078,957,853,880,1325,2270,1165,1177,1148,1154,886,1024,1381,989,785,1070,1165,1217,1562,1047,1055,1042,778,679,859,639,580,875,723,3054,730,901
" ","Næstved",1287,1585,1411,1509,1467,1565,1825,1879,1522,1631,1779,1589,1342,1624,1592,1634,1479,1398,1640,1758,1485,1433,1334,1408,1254,1424,1540,1566,1426,1421,1549,1631,1378,1334,1355,1454,1246,1354,1449,1668,1341,1288,1367,1329,1098,1297,1631,1926,1382,1092,1195,1255,1189,977,1150,2088,1039,967,929,1039,1214,1159
" ","Odsherred",603,501,589,598,534,570,645,701,680,692,768,911,605,626,833,697,763,813,636,781,707,644,690,620,542,628,617,739,586,576,614,499,473,527,529,532,478,497,602,636,556,663,599,699,601,596,559,631,525,548,527,593,675,490,475,408,384,325,409,445,518,549
" ","Ringsted",663,678,598,821,753,723,746,758,709,685,858,830,722,728,809,742,633,624,675,752,781,666,588,672,591,563,572,680,546,611,590,723,656,670,549,759,606,479,588,656,576,613,543,697,561,598,550,547,519,510,442,518,570,476,456,489,327,558,614,467,467,552
" ","Slagelse",1514,1681,1806,1958,1865,1738,1908,2007,1702,1915,1950,1913,1657,1769,1909,2115,1969,1705,1816,2218,2110,1632,1605,1924,1524,1772,1858,1884,1646,1769,1818,1847,1490,1589,1566,2861,1742,1773,1702,1931,1580,1737,1608,1742,3376,1534,1484,1768,1580,1556,1580,1495,1533,1918,1178,1232,986,992,1021,1257,1165,1285
" ","Sorø",403,369,435,553,525,449,531,474,452,488,536,529,532,516,558,680,541,482,528,543,479,441,481,497,413,467,500,507,480,501,573,609,443,432,434,527,486,517,456,681,501,491,529,553,427,467,372,436,409,380,401,429,394,330,339,307,270,298,306,415,351,324
" ","Stevns",215,198,217,237,278,190,257,263,245,218,269,258,266,333,275,288,236,238,217,218,223,240,226,249,198,254,274,279,195,255,286,231,237,206,225,224,214,213,238,221,241,232,201,177,204,267,211,258,184,166,225,175,198,250,165,134,172,175,200,254,172,220
" ","Vordingborg",962,821,813,932,840,973,1065,1247,975,912,915,916,711,885,922,970,918,991,1006,943,770,733,790,759,592,719,771,795,700,746,819,812,701,719,831,832,840,814,850,874,648,765,892,677,662,633,649,714,664,627,767,628,615,501,591,505,480,505,580,742,1027,684
" ","Assens",593,577,644,627,708,652,648,744,589,609,847,882,677,651,741,712,629,596,591,568,589,619,546,566,491,560,566,678,597,425,500,534,407,380,379,511,459,478,429,454,374,371,319,439,491,407,369,498,532,441,496,592,702,555,517,598,443,373,485,400,318,363
" ","Faaborg-Midtfyn",563,571,567,639,690,705,747,798,714,741,831,912,692,819,833,730,730,854,884,800,758,706,686,744,562,657,571,580,692,672,580,766,550,597,538,516,455,456,493,592,581,529,573,607,602,585,533,652,531,504,524,467,522,506,510,605,516,457,516,515,425,579
" ","Kerteminde",280,340,334,370,351,312,343,343,364,413,395,421,323,388,389,307,275,347,308,355,301,364,355,366,247,333,409,360,361,285,290,280,222,259,344,264,203,220,244,197,208,205,276,208,192,225,342,293,272,248,290,185,224,259,335,198,204,275,244,289,192,189
" ","Langeland",124,124,200,200,175,196,294,152,183,203,332,218,176,163,270,160,163,116,221,195,160,186,220,202,142,112,185,136,120,121,165,172,104,115,166,140,87,124,190,135,130,118,179,138,112,140,164,179,181,137,198,93,138,168,127,117,97,114,160,138,162,159
" ","Middelfart",668,700,755,654,692,828,807,760,762,765,784,802,702,708,730,921,816,728,749,767,660,613,670,747,570,642,649,624,470,649,714,711,427,469,438,524,503,606,451,498,563,737,489,578,466,555,522,540,496,540,561,551,437,454,590,505,362,398,507,550,420,561
" ","Nordfyns",432,349,456,429,504,475,488,527,663,483,608,602,489,431,527,500,469,459,469,505,489,388,408,434,295,353,346,383,340,311,433,412,307,258,304,294,316,291,241,456,249,316,280,315,304,317,301,433,323,342,307,326,381,322,305,334,333,216,291,309,240,229
" ","Nyborg",527,545,656,612,595,729,751,714,738,680,846,823,663,687,689,726,716,612,640,700,683,788,658,663,540,521,620,550,563,568,548,591,456,534,536,523,463,471,511,595,458,449,781,565,487,505,489,521,595,497,554,450,580,383,406,561,474,485,383,508,425,416
" ","Odense",5786,5947,5410,5747,5297,5410,6187,6526,5865,6120,5925,6059,5156,5627,6169,5650,5362,5511,5771,6031,5114,5171,5175,5211,4552,5198,5182,5682,4554,4752,4778,5043,4006,4436,4293,4509,4089,4392,4308,3966,4326,4090,3908,4086,3548,3907,3942,3962,3904,3914,3571,4220,5523,3397,3639,3791,3008,3233,3598,3413,3478,3587
" ","Svendborg",955,882,947,1025,1075,1119,1139,1115,1020,1064,1142,1178,959,1011,1293,1055,976,1014,1036,1114,968,970,973,924,840,910,945,1010,823,753,785,899,637,747,757,766,613,761,683,714,737,777,818,948,798,732,744,896,714,746,745,893,1072,655,770,669,621,697,900,826,669,815
" ","Ærø",33,95,80,46,49,69,57,43,37,51,57,51,50,32,52,40,21,43,49,29,40,41,57,44,62,33,58,48,44,41,42,32,32,36,41,23,32,32,33,48,75,67,85,86,124,95,75,85,51,37,41,33,32,20,53,38,15,24,37,28,33,38
" ","Billund",383,439,584,444,502,508,637,603,494,606,796,677,625,673,727,622,629,588,690,624,532,691,714,599,512,559,719,539,586,424,563,419,364,437,566,499,369,413,495,405,372,517,564,469,418,495,550,525,451,456,629,532,541,300,446,338,384,370,403,564,510,473
" ","Esbjerg",2657,2620,2573,2651,2659,2873,2712,3050,2585,2784,2813,2831,2678,2771,2754,2972,2632,2709,3027,3079,2566,2442,2502,2553,2154,2465,2483,2466,2219,2208,2439,2481,1925,1962,2448,2383,2026,2263,2149,2125,2107,2079,2036,2140,1944,2198,2455,2433,2188,2229,2178,2372,2999,1813,2039,1970,1799,1811,2070,1888,1935,2034
" ","Fanø",37,92,91,27,45,31,66,23,21,52,73,16,29,30,65,46,18,39,56,34,37,35,74,34,17,24,73,47,42,35,71,34,39,25,50,25,18,20,57,38,38,14,77,36,59,54,67,49,47,37,43,20,23,27,45,44,24,40,43,34,45,43
" ","Fredericia",1246,1353,1359,1442,1274,1445,1463,1771,1402,1408,1463,1526,1246,1433,1811,1601,1278,1263,1478,1636,1251,1412,1241,1316,1360,1165,1501,1794,1150,1180,1416,1542,1230,1481,1008,1295,1182,1204,1332,1418,1209,1451,1287,1385,1171,1186,1104,1156,1014,1023,1100,1094,1177,1131,881,975,763,972,937,1080,953,1001
" ","Haderslev",1185,1105,1259,1485,1392,1305,1345,1469,1312,1309,1358,1273,1008,1105,1150,1257,1167,1039,1095,1068,981,1013,960,1235,930,1021,1007,1142,1063,927,1077,1314,987,939,830,1099,935,899,1491,1065,1038,872,939,852,824,858,839,851,789,790,683,754,690,638,612,660,597,721,700,695,774,771
" ","Kolding",2070,2323,2301,2482,2364,2299,2362,2656,2355,2575,2473,2350,1861,2034,2346,2251,2030,1971,2264,2311,1877,1979,1958,1876,1766,1883,2061,2010,1805,1866,1843,1940,1741,1791,1966,2113,1507,1693,1746,1874,1816,1734,1861,2298,2031,1861,1759,1953,1628,1668,1587,1579,1488,1401,1335,1247,1230,1316,1433,1478,1299,1665
" ","Sønderborg",1259,1374,1323,1500,1274,1524,1504,1743,1631,1533,1771,1544,1239,1585,1631,1572,1397,1448,1491,1543,1363,1171,1269,1182,1123,1173,1275,1486,1206,1261,1180,1204,939,910,1058,1083,1108,1174,1074,1108,1089,1166,1064,1119,936,1150,1162,1136,979,1164,1014,849,804,770,792,847,664,768,802,823,774,958
" ","Tønder",654,722,908,850,750,780,848,794,695,746,901,800,642,739,779,816,813,746,930,817,693,650,705,699,617,701,738,717,719,565,682,612,576,547,523,639,508,502,580,497,489,468,573,550,518,609,695,759,597,1087,684,630,552,467,583,519,522,533,469,449,644,539
" ","Varde",763,750,943,829,801,887,932,891,995,904,917,843,703,902,1009,1117,968,923,890,892,742,805,852,819,736,707,770,789,733,700,731,689,609,607,712,698,601,610,681,693,601,685,752,696,753,647,725,699,605,597,604,697,634,547,531,496,440,500,546,512,542,574
" ","Vejen",891,761,749,952,795,848,780,801,695,733,927,918,758,857,938,988,852,688,764,786,738,718,644,806,791,874,735,841,688,595,535,573,571,469,593,551,483,586,522,558,589,522,482,445,459,507,508,568,610,469,496,585,447,645,367,468,440,400,434,446,471,820
" ","Vejle",2054,2120,2189,2117,1898,2385,2494,2811,2494,2596,2725,2672,2414,2509,2440,2460,2577,2396,2598,2755,2317,2326,2005,2133,1808,2349,2158,2172,2123,2078,1835,1921,1772,1908,1838,2013,1542,1850,1792,1952,1771,2005,1844,1903,1850,2005,1769,2104,1778,1971,1874,1799,1549,1473,1765,1361,1354,1388,1635,1686,1554,1658
" ","Aabenraa",1817,1475,1448,1775,1648,1794,1746,2052,1910,1729,1735,1823,1603,1622,1699,1397,1608,1629,1401,1725,1343,1415,1316,1431,1196,1339,1277,1452,1237,1349,1428,1365,961,1206,1412,2023,1275,1283,1290,1514,1253,1353,1486,1390,1236,1151,1382,1409,1418,1243,1196,1336,1248,1107,1391,1542,1056,1130,1088,1195,1112,1203
" ","Favrskov",710,620,537,673,625,625,648,641,578,553,602,619,581,642,683,739,645,569,675,744,688,509,599,606,568,603,588,601,488,422,605,480,514,482,502,517,430,482,526,498,449,472,588,547,566,504,426,478,414,482,445,510,478,374,515,375,426,353,365,352,383,328
" ","Hedensted",514,678,648,575,596,646,668,632,649,670,772,753,644,709,646,609,635,736,712,755,663,574,587,635,478,628,585,552,497,501,527,426,485,425,458,587,434,470,493,627,508,600,511,552,515,573,496,563,423,486,654,430,436,421,401,398,347,362,423,420,433,413
" ","Horsens",1718,1818,1756,1857,1692,1785,2207,2012,1812,1972,2107,2076,1710,1878,1845,2058,1785,1845,1890,2404,1733,1897,1659,1762,1617,1658,1625,1884,1437,1458,1506,1413,1365,1261,1355,1591,1218,1324,1332,1459,1448,1449,1600,1715,1502,1657,1567,1472,1400,1792,1482,1287,1364,1171,1166,1165,1135,1064,1309,1493,1215,1306
" ","Norddjurs",728,737,1018,868,843,770,931,839,954,683,811,879,614,654,835,784,740,624,737,674,698,544,669,581,546,643,663,589,523,531,588,595,511,552,621,552,525,560,543,862,470,473,486,458,506,493,521,647,631,522,511,481,514,426,494,500,448,325,413,405,362,437
" ","Odder",248,278,296,284,271,277,314,310,273,354,344,382,277,303,372,325,281,288,340,305,299,279,314,362,258,279,260,260,249,231,268,232,225,226,192,206,180,216,256,261,230,239,237,286,256,227,221,218,205,194,185,196,195,163,161,170,132,151,189,165,148,178
" ","Randers",2148,2212,2049,1922,2011,2278,2161,2455,2448,2363,2372,2453,1970,2157,2238,2604,2290,2120,2340,2180,1854,1982,2071,1951,1859,2047,2006,2091,1786,1669,1754,1866,1764,1775,1774,1840,1529,1492,3029,1632,1575,1623,1543,2102,1407,1443,1662,1702,1774,2028,1703,1915,1842,1556,2005,1521,1390,1701,1659,1401,1398,1601
" ","Samsø",46,41,97,25,24,46,75,33,12,33,64,23,25,45,84,30,32,44,48,43,32,42,46,36,31,20,77,23,25,32,68,22,30,32,101,20,19,45,65,45,15,21,77,30,30,30,80,29,14,28,76,35,26,43,56,25,29,15,32,29,17,34
" ","Silkeborg",1490,1465,1457,1622,1516,1558,1782,1644,1499,1627,1622,1678,1424,1692,1701,1603,1446,1516,1564,1611,1522,1537,1515,1514,1232,1537,1433,1387,1259,1327,1392,1252,1034,1181,1057,1340,1070,1122,1155,1017,1091,1477,1281,1333,1265,1209,1164,1429,1174,1164,1060,1153,1275,939,1061,939,963,885,1058,998,1043,1000
" ","Skanderborg",769,726,1130,916,762,804,1116,832,760,938,1156,1056,753,868,1178,852,762,931,1341,996,941,844,1263,1001,856,819,1139,1026,737,823,1144,696,640,600,983,778,629,665,967,733,727,820,963,778,661,707,862,631,590,592,775,539,518,462,511,515,636,439,555,574,518,513
" ","Syddjurs",615,592,684,703,682,580,860,778,795,850,791,761,651,628,925,770,743,734,748,623,679,650,673,594,594,728,665,759,578,502,600,612,580,488,593,567,476,582,535,649,516,814,535,474,548,550,511,533,438,507,540,409,471,403,383,608,411,402,387,357,349,428
" ","Aarhus",8242,9390,9355,9627,8840,9069,9316,9052,8346,9532,9267,9126,7563,9124,10085,9869,8779,9710,10528,10638,9589,9265,10094,9477,8425,10266,9870,9455,8384,8539,9044,9198,7464,7699,8246,8269,7663,8370,8626,8064,7245,8057,8009,8152,7653,7606,7380,7789,7242,6607,8277,7050,6553,6016,7809,6598,5092,5974,6567,7928,6831,8055
" ","Herning",1306,1445,1351,1388,1340,1584,1604,1662,1514,1672,1752,1783,1397,1554,1628,1548,1384,1370,1519,1588,1455,1441,1438,1578,1406,1306,1458,1502,1378,1243,1183,1313,1279,1197,1387,1490,1404,1345,1486,1497,1444,1644,1356,1414,1505,1493,1408,1598,1498,1314,1275,1504,1334,1047,1180,1043,957,1101,1109,1304,1159,1605
" ","Holstebro",980,1090,1083,1091,1118,1054,1117,1195,1136,1131,1020,961,806,1071,1005,1047,952,911,964,1104,970,1056,980,983,884,937,895,1042,821,880,901,894,745,804,822,833,661,712,809,848,805,961,1212,1062,795,933,1118,945,1216,788,848,915,778,760,769,729,550,703,1129,834,667,803
" ","Ikast-Brande",590,621,616,701,705,701,698,673,641,630,646,760,646,747,784,896,673,824,677,794,599,648,720,700,546,557,581,590,518,514,524,528,456,365,452,531,440,490,554,732,816,804,1226,1921,1758,1367,2196,1824,2322,2420,2908,2089,2077,929,469,575,799,653,642,743,560,800
" ","Lemvig",247,241,249,233,210,232,230,200,205,214,195,196,178,193,211,285,197,170,233,253,203,238,237,177,191,208,151,169,159,160,151,171,149,176,164,156,123,123,175,154,182,136,124,159,129,161,213,179,158,169,211,174,209,242,151,151,171,193,248,140,177,177
" ","Ringkøbing-Skjern",814,837,901,858,820,852,940,935,798,886,951,861,774,863,906,991,792,742,787,884,694,888,786,794,699,678,753,747,720,639,659,657,611,576,600,643,545,596,591,604,647,671,681,643,578,609,610,566,487,477,487,511,478,527,430,456,476,448,417,518,501,489
" ","Skive",740,821,770,896,780,926,789,906,756,895,894,979,654,937,789,740,827,950,702,838,673,710,658,684,655,744,689,736,620,661,638,549,534,642,678,640,501,515,587,518,493,604,544,617,549,578,555,580,506,572,562,838,574,477,482,477,446,453,506,458,445,607
" ","Struer",267,274,230,333,353,365,389,352,310,320,365,353,271,269,316,241,265,280,256,325,296,263,291,239,287,229,253,273,262,269,259,218,213,229,261,315,199,234,297,244,255,221,250,248,224,198,227,196,330,209,217,290,260,226,266,205,190,192,202,228,199,241
" ","Viborg",1535,1523,1384,1655,1516,1493,1501,1551,1547,1483,1683,1693,1330,1598,1594,1753,1351,1369,1457,1623,1365,1245,1238,1264,1146,1335,1323,1534,1322,1149,1391,1443,1171,1256,1163,1314,1160,1146,1149,1471,1118,1229,1276,1264,1363,1356,2436,1345,1117,1174,1227,1283,1143,1040,1168,993,954,925,1066,1829,1121,1360
" ","Brønderslev",530,593,650,631,500,551,568,525,498,487,551,481,445,529,566,619,537,643,639,593,450,537,525,449,470,582,527,491,406,450,439,540,364,385,395,421,441,433,402,350,390,384,448,496,428,462,426,417,358,418,413,371,328,316,316,382,268,496,324,299,304,421
" ","Frederikshavn",1223,1175,1217,1247,1266,1153,1406,1283,1514,1608,1486,1299,1028,1182,1425,1299,1247,1349,1540,1201,1074,1060,1131,890,920,973,1215,956,745,830,952,861,774,819,1088,945,1340,793,911,895,1025,1008,1055,961,995,1215,836,1548,908,854,909,809,769,773,691,592,547,670,739,615,666,674
" ","Hjørring",1171,1187,1349,1394,1284,1229,1201,1119,1181,1119,1298,1308,1057,1125,1225,1176,1111,1261,1278,1220,1101,1111,1089,879,966,1077,1108,1053,815,884,898,968,971,954,855,1081,1310,887,962,864,1191,1015,984,1020,975,765,820,903,842,718,753,843,696,562,655,612,453,653,662,695,805,729
" ","Jammerbugt",514,621,589,563,530,688,729,599,699,643,740,730,545,644,639,680,643,654,715,661,665,667,640,544,548,573,624,597,419,464,507,450,523,411,585,432,576,426,481,414,364,422,401,517,511,440,442,509,491,401,369,424,372,359,398,421,319,302,423,359,364,323
" ","Læsø",4,5,16,10,3,4,6,6,11,14,14,14,15,17,14,6,7,18,16,23,8,9,29,6,10,12,35,8,21,22,21,1,11,13,24,11,6,10,17,7,7,8,15,6,14,8,29,19,15,9,25,6,11,7,19,5,6,6,11,4,2,12
" ","Mariagerfjord",645,599,701,744,680,762,836,833,865,846,879,799,684,752,915,840,758,790,937,886,738,671,736,653,589,651,715,811,537,788,795,657,650,604,613,644,538,614,500,556,486,515,429,571,518,496,649,618,474,460,518,618,567,429,488,499,436,435,406,533,483,395
" ","Morsø",358,299,337,359,346,316,334,398,351,363,370,353,299,308,304,311,312,348,305,264,317,267,283,320,336,359,295,248,209,426,353,246,218,235,271,240,304,241,252,255,247,236,212,416,193,171,213,285,228,213,242,204,217,238,194,181,211,144,141,180,178,206
" ","Rebild",323,304,313,366,374,383,387,384,396,374,349,352,291,313,393,456,407,344,417,432,436,365,399,443,345,369,373,416,307,348,365,344,273,321,312,351,431,275,240,328,244,293,250,283,291,244,295,298,238,291,260,308,311,295,285,255,256,225,195,258,318,263
" ","Thisted",813,689,665,610,684,680,848,726,673,806,746,778,548,672,619,619,566,634,734,730,691,720,613,649,502,627,677,650,512,459,593,523,492,455,467,553,512,716,671,479,411,490,542,506,542,559,563,571,506,423,477,504,371,369,351,371,310,402,425,500,595,458
" ","Vesthimmerlands",633,621,673,686,642,660,838,898,742,727,784,718,489,670,703,768,742,656,660,668,640,547,699,684,648,626,617,799,561,621,647,575,691,413,514,631,649,496,462,491,425,437,476,553,448,492,479,458,433,400,472,441,449,399,397,429,847,384,427,443,393,447
" ","Aalborg",4047,4645,4375,4891,4273,4864,4854,4801,4306,4792,5109,4721,3997,4539,5056,5135,4835,5366,5342,5754,4866,4800,4600,4791,4451,5048,5062,5169,4504,4598,4575,4516,3559,3846,4612,4386,3914,4034,3590,3893,3739,4084,3966,4674,3527,4168,3960,3836,3798,4193,3339,3623,3484,2485,2979,2538,2428,2469,2722,2740,3413,3878
" ","Uoplyst kommune",2204,1334,1378,1293,1171,1145,1386,1137,1244,1063,1396,1253,1620,1439,1790,2072,3040,1289,2075,2118,2823,2195,1748,2023,1767,2054,2270,3262,2741,2261,3638,4831,4680,5828,3606,5567,4707,5659,6615,5213,5905,10371,6430,6619,5477,7646,7271,7930,8606,8255,10049,9055,10318,11670,9818,9905,13642,9242,8496,8980,8973,8838
